{
  "top1": 0.7888446215139442,
  "top3": 0.9840637450199203,
  "top5": 1.0,
  "accuracy": 0.7888446215139442,
  "precision": 0.8067102962646976,
  "recall": 0.7970041138071824,
  "f1": 0.8010201501890496,
  "specificity": 0.9456612545008142,
  "auc_macro": NaN,
  "auc_per_class": [],
  "kappa": 0.7325062334110835
}