{
  "top1": 0.9256329113924051,
  "top3": 0.995253164556962,
  "top5": 1.0,
  "accuracy": 0.9256329113924051,
  "precision": 0.909353062649761,
  "recall": 0.91634406421599,
  "f1": 0.9124350992022136,
  "specificity": 0.9758092047915458,
  "auc_macro": NaN,
  "auc_per_class": [],
  "kappa": 0.8986951509818767
}