{
  "top1": 0.6732456140350878,
  "top3": 0.875,
  "top5": 0.9276315789473685,
  "accuracy": 0.6732456140350878,
  "precision": 0.6985636766453759,
  "recall": 0.6732456140350878,
  "f1": 0.6597975119005509,
  "specificity": 0.9911688003681647,
  "auc_macro": NaN,
  "auc_per_class": [],
  "kappa": 0.6644144144144144
}