{
  "top1": 0.6435458786936237,
  "top3": 0.9331259720062208,
  "top5": 1.0,
  "accuracy": 0.6435458786936237,
  "precision": 0.4977000922179025,
  "recall": 0.5431333436122792,
  "f1": 0.4999191208216975,
  "specificity": 0.8991921026152394,
  "auc_macro": NaN,
  "auc_per_class": [],
  "kappa": 0.42853504552002764
}