{
  "top1": 0.22629310344827586,
  "top3": 0.4224137931034483,
  "top5": 0.5387931034482759,
  "accuracy": 0.22629310344827586,
  "precision": 0.20112336690022115,
  "recall": 0.22629310344827586,
  "f1": 0.1783741819992754,
  "specificity": 0.9932721139214356,
  "auc_macro": NaN,
  "auc_per_class": [],
  "kappa": 0.2195652173913043
}