{
  "top1": 0.9256329113924051,
  "top3": 0.995253164556962,
  "top5": 1.0,
  "accuracy": 0.9256329113924051,
  "precision": 0.90887977270956,
  "recall": 0.9170482689048196,
  "f1": 0.9122259078979884,
  "specificity": 0.9759552521731976,
  "auc_macro": NaN,
  "auc_per_class": [],
  "kappa": 0.8987745532367334
}