{
  "top1": 0.7808764940239044,
  "top3": 0.9840637450199203,
  "top5": 1.0,
  "accuracy": 0.7808764940239044,
  "precision": 0.8297358197358197,
  "recall": 0.7942634286358897,
  "f1": 0.7955583969869684,
  "specificity": 0.9436678797068515,
  "auc_macro": NaN,
  "auc_per_class": [],
  "kappa": 0.7228356890459364
}