{
  "top1": 0.9177215189873418,
  "top3": 1.0,
  "top5": 1.0,
  "accuracy": 0.9177215189873418,
  "precision": 0.8984789578471584,
  "recall": 0.9067898311802236,
  "f1": 0.9017332739149996,
  "specificity": 0.9735451141491533,
  "auc_macro": NaN,
  "auc_per_class": [],
  "kappa": 0.8880463294157724
}