{
  "top1": 0.282312925170068,
  "top3": 0.5476190476190477,
  "top5": 0.7278911564625851,
  "accuracy": 0.282312925170068,
  "precision": 0.2680829747179075,
  "recall": 0.28231292517006806,
  "f1": 0.2513421098041161,
  "specificity": 0.9347557204526638,
  "auc_macro": NaN,
  "auc_per_class": [],
  "kappa": 0.21706864564007422
}