{
  "top1": 0.8605577689243028,
  "top3": 0.9800796812749004,
  "top5": 1.0,
  "accuracy": 0.8605577689243028,
  "precision": 0.8723964315012307,
  "recall": 0.8744469393506181,
  "f1": 0.8718878383127899,
  "specificity": 0.9642635095946132,
  "auc_macro": NaN,
  "auc_per_class": [],
  "kappa": 0.82390201856195
}