{
  "top1": 0.6992223950233282,
  "top3": 0.9489891135303266,
  "top5": 1.0,
  "accuracy": 0.6992223950233282,
  "precision": 0.5473832260465723,
  "recall": 0.5736887571493229,
  "f1": 0.5499954747965301,
  "specificity": 0.9089548073218656,
  "auc_macro": NaN,
  "auc_per_class": [],
  "kappa": 0.49385369173298943
}