{
  "top1": 0.948488241881299,
  "top3": 1.0,
  "top5": 1.0,
  "accuracy": 0.948488241881299,
  "precision": 0.9499133070109225,
  "recall": 0.9493769040549139,
  "f1": 0.9495589147228491,
  "specificity": 0.9826197806892525,
  "auc_macro": NaN,
  "auc_per_class": [],
  "kappa": 0.9311548053201759
}