{
  "top1": 0.6870917573872473,
  "top3": 0.9381026438569207,
  "top5": 1.0,
  "accuracy": 0.6870917573872473,
  "precision": 0.5274468930835381,
  "recall": 0.5659661501793228,
  "f1": 0.5372330747527891,
  "specificity": 0.9091245467362125,
  "auc_macro": NaN,
  "auc_per_class": [],
  "kappa": 0.4833944744137876
}