epoch,train_loss,train_acc,val_loss,val_acc
1,2.749070,0.105826,2.548729,0.107639
2,2.574736,0.113201,2.589307,0.123264
3,2.515855,0.120206,2.548121,0.144097
4,2.500186,0.124631,2.450810,0.164931
5,2.465619,0.129425,2.434001,0.168403
6,2.409682,0.156711,2.402068,0.166667
7,2.358644,0.179204,2.365817,0.211806
8,2.334852,0.194322,2.350944,0.204861
9,2.330226,0.194322,2.336212,0.213542
10,2.295043,0.220133,2.327272,0.229167
