{
  "top1": 0.21258503401360543,
  "top3": 0.4370748299319728,
  "top5": 0.6326530612244898,
  "accuracy": 0.21258503401360543,
  "precision": 0.17330806111834482,
  "recall": 0.21258503401360543,
  "f1": 0.16565167136883022,
  "specificity": 0.9284168212567393,
  "auc_macro": NaN,
  "auc_per_class": [],
  "kappa": 0.1410018552875696
}