{
  "top1": 0.9240506329113924,
  "top3": 0.9968354430379747,
  "top5": 1.0,
  "accuracy": 0.9240506329113924,
  "precision": 0.9140169759322565,
  "recall": 0.905251744262883,
  "f1": 0.9082992840447554,
  "specificity": 0.9747530664938742,
  "auc_macro": NaN,
  "auc_per_class": [],
  "kappa": 0.8961558210385787
}