{
  "top1": 0.6650077760497667,
  "top3": 0.9393468118195957,
  "top5": 1.0,
  "accuracy": 0.6650077760497667,
  "precision": 0.5263012214142088,
  "recall": 0.546423671901556,
  "f1": 0.5273053884433854,
  "specificity": 0.9020262417142805,
  "auc_macro": NaN,
  "auc_per_class": [],
  "kappa": 0.45039298063382294
}