{
  "top1": 0.8936170212765957,
  "top3": 0.9977603583426652,
  "top5": 1.0,
  "accuracy": 0.8936170212765957,
  "precision": 0.8970229748406459,
  "recall": 0.8949271397720918,
  "f1": 0.8938324727599176,
  "specificity": 0.9640648826442703,
  "auc_macro": NaN,
  "auc_per_class": [],
  "kappa": 0.8577372108544655
}