{
  "top1": 0.2585034013605442,
  "top3": 0.5187074829931972,
  "top5": 0.7006802721088435,
  "accuracy": 0.2585034013605442,
  "precision": 0.24429991008136068,
  "recall": 0.2585034013605442,
  "f1": 0.22452359020249393,
  "specificity": 0.9325912182882017,
  "auc_macro": NaN,
  "auc_per_class": [],
  "kappa": 0.19109461966604824
}