{
  "top1": 0.7269736842105263,
  "top3": 0.8980263157894737,
  "top5": 0.9418859649122807,
  "accuracy": 0.7269736842105263,
  "precision": 0.7384366778810121,
  "recall": 0.7269736842105263,
  "f1": 0.7174146663555545,
  "specificity": 0.9926209103728901,
  "auc_macro": NaN,
  "auc_per_class": [],
  "kappa": 0.7195945945945945
}