{
  "top1": 0.6416796267496112,
  "top3": 0.9306376360808709,
  "top5": 1.0,
  "accuracy": 0.6416796267496112,
  "precision": 0.4870825503191324,
  "recall": 0.5183225856644642,
  "f1": 0.48596598262119944,
  "specificity": 0.894151499101533,
  "auc_macro": NaN,
  "auc_per_class": [],
  "kappa": 0.41098346746650916
}