{
  "top1": 0.6790046656298601,
  "top3": 0.9337480559875583,
  "top5": 1.0,
  "accuracy": 0.6790046656298601,
  "precision": 0.5287215461114031,
  "recall": 0.5985623339864096,
  "f1": 0.541689218979622,
  "specificity": 0.9138343477504061,
  "auc_macro": NaN,
  "auc_per_class": [],
  "kappa": 0.48995742420105814
}