{
  "top1": 0.1314655172413793,
  "top3": 0.30387931034482757,
  "top5": 0.40948275862068967,
  "accuracy": 0.1314655172413793,
  "precision": 0.05657144710897247,
  "recall": 0.1314655172413793,
  "f1": 0.06891699244758023,
  "specificity": 0.9924475262153066,
  "auc_macro": NaN,
  "auc_per_class": [],
  "kappa": 0.12391304347826093
}