{
  "top1": 0.8607456140350878,
  "top3": 0.9660087719298246,
  "top5": 0.9857456140350878,
  "accuracy": 0.8607456140350878,
  "precision": 0.8693242126302951,
  "recall": 0.8607456140350876,
  "f1": 0.8585110447987395,
  "specificity": 0.9962363679356754,
  "auc_macro": NaN,
  "auc_per_class": [],
  "kappa": 0.8569819819819819
}