{
  "top1": 0.6743390357698289,
  "top3": 0.9390357698289269,
  "top5": 1.0,
  "accuracy": 0.6743390357698289,
  "precision": 0.5359512931954111,
  "recall": 0.6151240142486125,
  "f1": 0.5616379600270096,
  "specificity": 0.9152083238770853,
  "auc_macro": NaN,
  "auc_per_class": [],
  "kappa": 0.49462420641509963
}