{
  "top1": 0.2521551724137931,
  "top3": 0.46336206896551724,
  "top5": 0.6056034482758621,
  "accuracy": 0.2521551724137931,
  "precision": 0.24469048230958393,
  "recall": 0.2521551724137931,
  "f1": 0.20502192208140702,
  "specificity": 0.9934970014776527,
  "auc_macro": NaN,
  "auc_per_class": [],
  "kappa": 0.2456521739130435
}