{
  "top1": 0.8446215139442231,
  "top3": 0.9840637450199203,
  "top5": 1.0,
  "accuracy": 0.8446215139442231,
  "precision": 0.8767670977573454,
  "recall": 0.8554005868534029,
  "f1": 0.8589671353738474,
  "specificity": 0.95991939530309,
  "auc_macro": NaN,
  "auc_per_class": [],
  "kappa": 0.8034218928851136
}