{
  "top1": 0.9018987341772152,
  "top3": 0.9968354430379747,
  "top5": 1.0,
  "accuracy": 0.9018987341772152,
  "precision": 0.8780094745587028,
  "recall": 0.8860969045588244,
  "f1": 0.8808095136814197,
  "specificity": 0.9685421524527212,
  "auc_macro": NaN,
  "auc_per_class": [],
  "kappa": 0.8665358729120685
}