{
  "top1": 0.9820828667413214,
  "top3": 1.0,
  "top5": 1.0,
  "accuracy": 0.9820828667413214,
  "precision": 0.9830793597240965,
  "recall": 0.9826578156232124,
  "f1": 0.9827475260649856,
  "specificity": 0.993945994592754,
  "auc_macro": NaN,
  "auc_per_class": [],
  "kappa": 0.9760595829528413
}