{
  "top1": 0.9944008958566629,
  "top3": 1.0,
  "top5": 1.0,
  "accuracy": 0.9944008958566629,
  "precision": 0.9944246929541047,
  "recall": 0.994782949790795,
  "f1": 0.9945722408891187,
  "specificity": 0.998138447047316,
  "auc_macro": NaN,
  "auc_per_class": [],
  "kappa": 0.9925199482008507
}