{
  "top1": 0.2653061224489796,
  "top3": 0.5425170068027211,
  "top5": 0.7159863945578231,
  "accuracy": 0.2653061224489796,
  "precision": 0.22011503034052513,
  "recall": 0.2653061224489796,
  "f1": 0.23453318614956195,
  "specificity": 0.9332096474780481,
  "auc_macro": NaN,
  "auc_per_class": [],
  "kappa": 0.1985157699443414
}