{
  "top1": 0.5054824561403509,
  "top3": 0.7642543859649122,
  "top5": 0.8410087719298246,
  "accuracy": 0.5054824561403509,
  "precision": 0.5150572108219947,
  "recall": 0.5054824561403507,
  "f1": 0.47133906792898456,
  "specificity": 0.9866346609656552,
  "auc_macro": NaN,
  "auc_per_class": [],
  "kappa": 0.49211711711711703
}