{
  "top1": 0.7752192982456141,
  "top3": 0.9221491228070176,
  "top5": 0.9583333333333334,
  "accuracy": 0.7752192982456141,
  "precision": 0.7867822109309366,
  "recall": 0.775219298245614,
  "f1": 0.7676370274070708,
  "specificity": 0.9939248458873375,
  "auc_macro": NaN,
  "auc_per_class": [],
  "kappa": 0.7691441441441441
}