{
  "top1": 0.30603448275862066,
  "top3": 0.5344827586206896,
  "top5": 0.6594827586206896,
  "accuracy": 0.30603448275862066,
  "precision": 0.3050708068792776,
  "recall": 0.30603448275862066,
  "f1": 0.2673245918682024,
  "specificity": 0.9939655172197713,
  "auc_macro": NaN,
  "auc_per_class": [],
  "kappa": 0.30000000000000004
}