{
  "top1": 0.6205287713841369,
  "top3": 0.9013996889580094,
  "top5": 1.0,
  "accuracy": 0.6205287713841369,
  "precision": 0.4245972104022753,
  "recall": 0.4077547417627903,
  "f1": 0.41004476397380396,
  "specificity": 0.8720784867414949,
  "auc_macro": NaN,
  "auc_per_class": [],
  "kappa": 0.3218048984349968
}