{
  "top1": 0.9066455696202531,
  "top3": 0.9889240506329114,
  "top5": 1.0,
  "accuracy": 0.9066455696202531,
  "precision": 0.8900354120246514,
  "recall": 0.8852464121382996,
  "f1": 0.8867527761250918,
  "specificity": 0.9691123448475764,
  "auc_macro": NaN,
  "auc_per_class": [],
  "kappa": 0.8724158460559361
}