{
  "top1": 0.8103070175438597,
  "top3": 0.9320175438596491,
  "top5": 0.9594298245614035,
  "accuracy": 0.8103070175438597,
  "precision": 0.8197229458293608,
  "recall": 0.8103070175438596,
  "f1": 0.8062848194918283,
  "specificity": 0.9948731626251169,
  "auc_macro": NaN,
  "auc_per_class": [],
  "kappa": 0.8051801801801801
}