{
  "top1": 0.14625850340136054,
  "top3": 0.36394557823129253,
  "top5": 0.5340136054421769,
  "accuracy": 0.14625850340136054,
  "precision": 0.13930235933141413,
  "recall": 0.14625850340136057,
  "f1": 0.11051124074369907,
  "specificity": 0.922387136655738,
  "auc_macro": NaN,
  "auc_per_class": [],
  "kappa": 0.06864564007421148
}