{
  "top1": 0.7330677290836654,
  "top3": 0.9681274900398407,
  "top5": 1.0,
  "accuracy": 0.7330677290836654,
  "precision": 0.7789546508258476,
  "recall": 0.7461732800266961,
  "f1": 0.737229014778532,
  "specificity": 0.931171848716347,
  "auc_macro": NaN,
  "auc_per_class": [],
  "kappa": 0.6616229702810922
}