{
  "top1": 0.9888017917133258,
  "top3": 1.0,
  "top5": 1.0,
  "accuracy": 0.9888017917133258,
  "precision": 0.9889316239316239,
  "recall": 0.9894467756396661,
  "f1": 0.9890717757751804,
  "specificity": 0.996289334621308,
  "auc_macro": NaN,
  "auc_per_class": [],
  "kappa": 0.9850421015428578
}