{
  "top1": 0.33620689655172414,
  "top3": 0.5646551724137931,
  "top5": 0.6939655172413793,
  "accuracy": 0.33620689655172414,
  "precision": 0.3406175157950006,
  "recall": 0.33620689655172414,
  "f1": 0.2987817782255702,
  "specificity": 0.9942278860353578,
  "auc_macro": NaN,
  "auc_per_class": [],
  "kappa": 0.33043478260869563
}