{
  "top1": 0.9966405375139977,
  "top3": 1.0,
  "top5": 1.0,
  "accuracy": 0.9966405375139977,
  "precision": 0.9966560018502815,
  "recall": 0.9967558760580761,
  "f1": 0.9967035350249404,
  "specificity": 0.9988780920177194,
  "auc_macro": NaN,
  "auc_per_class": [],
  "kappa": 0.9955114500747254
}