{
  "top1": 0.8496835443037974,
  "top3": 0.9889240506329114,
  "top5": 1.0,
  "accuracy": 0.8496835443037974,
  "precision": 0.8340113675073492,
  "recall": 0.7981790001979733,
  "f1": 0.8024456882614732,
  "specificity": 0.9493082088646713,
  "auc_macro": NaN,
  "auc_per_class": [],
  "kappa": 0.7930383106631461
}