{
  "top1": 0.6162280701754386,
  "top3": 0.8048245614035088,
  "top5": 0.8892543859649122,
  "accuracy": 0.6162280701754386,
  "precision": 0.6537253052122255,
  "recall": 0.6162280701754387,
  "f1": 0.5972799588344938,
  "specificity": 0.9896277856692725,
  "auc_macro": NaN,
  "auc_per_class": [],
  "kappa": 0.6058558558558558
}