epoch,train_loss,train_acc,val_loss,val_acc
1,2.715250,0.106932,2.618601,0.128472
2,2.561163,0.107670,2.527137,0.114583
3,2.531934,0.115413,2.573190,0.109375
4,2.506947,0.133850,2.510734,0.130208
5,2.484046,0.120575,2.477531,0.140625
6,2.441062,0.153761,2.474552,0.144097
7,2.423607,0.154130,2.418255,0.168403
8,2.401142,0.165560,2.421851,0.180556
9,2.390420,0.176622,2.393320,0.184028
10,2.363351,0.181416,2.388231,0.206597
