{
  "top1": 0.17346938775510204,
  "top3": 0.42517006802721086,
  "top5": 0.6105442176870748,
  "accuracy": 0.17346938775510204,
  "precision": 0.160740446808563,
  "recall": 0.173469387755102,
  "f1": 0.14434106126647514,
  "specificity": 0.9248608534151231,
  "auc_macro": NaN,
  "auc_per_class": [],
  "kappa": 0.0983302411873841
}