{
  "top1": 0.2585034013605442,
  "top3": 0.5221088435374149,
  "top5": 0.7108843537414966,
  "accuracy": 0.2585034013605442,
  "precision": 0.27357259669403916,
  "recall": 0.2585034013605442,
  "f1": 0.23305760031984987,
  "specificity": 0.9325912182882018,
  "auc_macro": NaN,
  "auc_per_class": [],
  "kappa": 0.19109461966604824
}