{
  "top1": 0.1400862068965517,
  "top3": 0.3297413793103448,
  "top5": 0.44396551724137934,
  "accuracy": 0.1400862068965517,
  "precision": 0.07550613195177006,
  "recall": 0.1400862068965517,
  "f1": 0.08115741441294187,
  "specificity": 0.9925224887340455,
  "auc_macro": NaN,
  "auc_per_class": [],
  "kappa": 0.13260869565217392
}