{
  "top1": 0.6852589641434262,
  "top3": 0.9641434262948207,
  "top5": 1.0,
  "accuracy": 0.6852589641434262,
  "precision": 0.714473385427102,
  "recall": 0.7015355039445967,
  "f1": 0.6873050711720788,
  "specificity": 0.9188594039954385,
  "auc_macro": NaN,
  "auc_per_class": [],
  "kappa": 0.600865539452496
}