{
  "top1": 0.5545878693623639,
  "top3": 0.9125972006220839,
  "top5": 1.0,
  "accuracy": 0.5545878693623639,
  "precision": 0.4479387040571405,
  "recall": 0.494479605149366,
  "f1": 0.44996056235226234,
  "specificity": 0.8757080687991857,
  "auc_macro": NaN,
  "auc_per_class": [],
  "kappa": 0.3193400146395978
}