{
  "top1": 0.2672413793103448,
  "top3": 0.4849137931034483,
  "top5": 0.6336206896551724,
  "accuracy": 0.2672413793103448,
  "precision": 0.2687324564099412,
  "recall": 0.2672413793103448,
  "f1": 0.23028496004902538,
  "specificity": 0.9936281858854459,
  "auc_macro": NaN,
  "auc_per_class": [],
  "kappa": 0.26086956521739135
}