{
  "top1": 0.8326693227091634,
  "top3": 0.9800796812749004,
  "top5": 1.0,
  "accuracy": 0.8326693227091634,
  "precision": 0.8551803919001484,
  "recall": 0.8501082131596365,
  "f1": 0.8499368348187246,
  "specificity": 0.9568928697636281,
  "auc_macro": NaN,
  "auc_per_class": [],
  "kappa": 0.7886061481080431
}