{
  "top1": 0.9066455696202531,
  "top3": 0.9984177215189873,
  "top5": 1.0,
  "accuracy": 0.9066455696202531,
  "precision": 0.8831957681728719,
  "recall": 0.8947175942139968,
  "f1": 0.8869283895550215,
  "specificity": 0.9703887437013182,
  "auc_macro": NaN,
  "auc_per_class": [],
  "kappa": 0.8732088816348736
}