{
  "top1": 0.31462585034013607,
  "top3": 0.5680272108843537,
  "top5": 0.7329931972789115,
  "accuracy": 0.31462585034013607,
  "precision": 0.3002949391955875,
  "recall": 0.31462585034013607,
  "f1": 0.28558084692156743,
  "specificity": 0.9376932591044335,
  "auc_macro": NaN,
  "auc_per_class": [],
  "kappa": 0.25231910946196656
}