{
  "top1": 0.19181034482758622,
  "top3": 0.35560344827586204,
  "top5": 0.4978448275862069,
  "accuracy": 0.19181034482758622,
  "precision": 0.1457843706642548,
  "recall": 0.19181034482758622,
  "f1": 0.13557457208707693,
  "specificity": 0.9929722638464796,
  "auc_macro": NaN,
  "auc_per_class": [],
  "kappa": 0.18478260869565222
}