{
  "top1": 0.8388157894736842,
  "top3": 0.9528508771929824,
  "top5": 0.9747807017543859,
  "accuracy": 0.8388157894736842,
  "precision": 0.8483587818199377,
  "recall": 0.8388157894736841,
  "f1": 0.8346445908898672,
  "specificity": 0.9956436699745629,
  "auc_macro": NaN,
  "auc_per_class": [],
  "kappa": 0.8344594594594594
}