{
  "top1": 0.6733067729083665,
  "top3": 0.9442231075697212,
  "top5": 1.0,
  "accuracy": 0.6733067729083665,
  "precision": 0.6947786229116153,
  "recall": 0.6884914195958938,
  "f1": 0.6774358400140628,
  "specificity": 0.9158187254175459,
  "auc_macro": NaN,
  "auc_per_class": [],
  "kappa": 0.5857252123505494
}